{
  "table_of_contents": [
    {
      "title": "",
      "heading_level": null,
      "page_id": 0,
      "polygon": [
        [
          164.056640625,
          60.71484375
        ],
        [
          446.748046875,
          60.71484375
        ],
        [
          446.748046875,
          95.51953125
        ],
        [
          164.056640625,
          95.51953125
        ]
      ]
    },
    {
      "title": "Sent Via Electronic Mail",
      "heading_level": null,
      "page_id": 0,
      "polygon": [
        [
          237.26953125,
          188.33203125
        ],
        [
          373.7760009765625,
          188.33203125
        ],
        [
          373.7760009765625,
          201.87078857421875
        ],
        [
          237.26953125,
          201.87078857421875
        ]
      ]
    },
    {
      "title": "Dear Mr. Juhrend:",
      "heading_level": null,
      "page_id": 0,
      "polygon": [
        [
          71.12109375,
          427.7109375
        ],
        [
          168.81607055664062,
          427.7109375
        ],
        [
          168.81607055664062,
          440.0171813964844
        ],
        [
          71.12109375,
          440.0171813964844
        ]
      ]
    }
  ],
  "page_stats": [
    {
      "page_id": 0,
      "text_extraction_method": "pdftext",
      "block_counts": [
        [
          "Span",
          79
        ],
        [
          "Line",
          27
        ],
        [
          "Text",
          6
        ],
        [
          "Picture",
          3
        ],
        [
          "SectionHeader",
          3
        ],
        [
          "ListItem",
          2
        ],
        [
          "ListGroup",
          1
        ]
      ],
      "block_metadata": {
        "llm_request_count": 2,
        "llm_error_count": 0,
        "llm_tokens_used": 1820,
        "previous_text": "",
        "previous_type": "",
        "previous_order": 0
      }
    },
    {
      "page_id": 1,
      "text_extraction_method": "pdftext",
      "block_counts": [
        [
          "Span",
          113
        ],
        [
          "Line",
          31
        ],
        [
          "ListItem",
          10
        ],
        [
          "PageHeader",
          1
        ],
        [
          "Text",
          1
        ],
        [
          "ListGroup",
          1
        ]
      ],
      "block_metadata": {
        "llm_request_count": 0,
        "llm_error_count": 0,
        "llm_tokens_used": 0,
        "previous_text": "",
        "previous_type": "",
        "previous_order": 0
      }
    },
    {
      "page_id": 2,
      "text_extraction_method": "pdftext",
      "block_counts": [
        [
          "Span",
          79
        ],
        [
          "Line",
          35
        ],
        [
          "Text",
          12
        ]
      ],
      "block_metadata": {
        "llm_request_count": 0,
        "llm_error_count": 0,
        "llm_tokens_used": 0,
        "previous_text": "",
        "previous_type": "",
        "previous_order": 0
      }
    }
  ],
  "debug_data_path": "debug_data/OM Plan Comments (900259)"
}